{
  "kind": "collectionType",
  "collectionName": "variations",
  "info": {
    "singularName": "variation",
    "pluralName": "variations",
    "displayName": "variation"
  },
  "options": {
    "draftAndPublish": true
  },
  "pluginOptions": {},
  "attributes": {
    "name": {
      "type": "string"
    },
    "product": {
      "type": "relation",
      "relation": "manyToOne",
      "target": "api::product.product",
      "inversedBy": "variations"
    },
    "stocks": {
      "type": "relation",
      "relation": "oneToMany",
      "target": "api::stock.stock",
      "mappedBy": "variation"
    }
  }
}
