{
  "kind": "collectionType",
  "collectionName": "labels",
  "info": {
    "singularName": "label",
    "pluralName": "labels",
    "displayName": "label",
    "description": ""
  },
  "options": {
    "draftAndPublish": true
  },
  "pluginOptions": {},
  "attributes": {
    "name": {
      "type": "string"
    },
    "isShow": {
      "type": "boolean",
      "default": true
    },
    "products": {
      "type": "relation",
      "relation": "manyToMany",
      "target": "api::product.product",
      "inversedBy": "labels"
    }
  }
}
